{
  "project_info": {
    "project_number": "749841630488",
    "project_id": "seniorhomecareapp",
    "storage_bucket": "seniorhomecareapp.appspot.com"
  },
  "client": [
    {
      "client_info": {
        "mobilesdk_app_id": "1:749841630488:android:523d035fe69ab8f8864a6d",
        "android_client_info": {
          "package_name": "com.example.seniorhomecareapp"
        }
      },
      "oauth_client": [],
      "api_key": [
        {
          "current_key": "AIzaSyDLzFjmbXqUK6-Ws2u7ZaPJsSONYA9JqTs"
        }
      ],
      "services": {
        "appinvite_service": {
          "other_platform_oauth_client": []
        }
      }
    }
  ],
  "configuration_version": "1"
}